"SamAccountName","Name","whenCreated"
"lporter","SCott","3/16/2026 3:40:28 PM"
"asinclair","f","3/16/2026 3:40:44 PM"
"njennings","f","3/16/2026 3:40:45 PM"
"ecarver","ssfd","3/16/2026 3:40:46 PM"
"ohayden","sdfgfsdfh","3/16/2026 3:40:48 PM"
"sreeves","tdhdfc","3/16/2026 3:40:49 PM"
"eturner","drfhsgf","3/16/2026 3:40:50 PM"
"iknox","dfbvszedthethy","3/16/2026 3:40:52 PM"
"jwhitfield","James Whitfield","3/16/2026 3:50:21 PM"
"mchandler","Mia Chandler","3/16/2026 3:50:21 PM"
"lbarrett","Lucas Barrett","3/16/2026 3:50:21 PM"
"cfinley","Charlotte Finley","3/16/2026 3:50:21 PM"
"mlowery","Mason Lowery","3/16/2026 3:50:21 PM"
"aforbes","Amelia Forbes","3/16/2026 3:50:21 PM"
"lshepherd","Logan Shepherd","3/16/2026 3:50:21 PM"
"hjoyce","Harper Joyce","3/16/2026 3:50:21 PM"
"emaxwell","Ethan Maxwell","3/16/2026 3:50:21 PM"
"edelaney","Evelyn Delaney","3/16/2026 3:50:22 PM"
"arowe","Alexander Rowe","3/16/2026 3:50:22 PM"
"ahanley","Abigail Hanley","3/16/2026 3:50:22 PM"
